Omega_m,Omega_Lambda,RMSE_mag
0.0,1.0,0.218284503866752
0.001,0.999,0.2177379732593943
0.002,0.998,0.2171971595067184
0.003,0.997,0.2166619042696735
0.004,0.996,0.21613205857861922
0.005,0.995,0.21560748200283686
0.006,0.994,0.2150880419174653
0.007,0.993,0.21457361285379728
0.008,0.992,0.21406407592124158
0.009000000000000001,0.991,0.2135593182912116
0.01,0.99,0.21305923273472008
0.011,0.989,0.21256371720678185
0.012,0.988,0.2120726744717589
0.013000000000000001,0.987,0.2115860117646474
0.014,0.986,0.21110364048404814
0.015,0.985,0.21062547591311342
0.016,0.984,0.21015143696534927
0.017,0.983,0.2096814459524961
0.018000000000000002,0.982,0.20921542837209584
0.019,0.981,0.20875331271272532
0.02,0.98,0.2082950302749873
0.021,0.979,0.20784051500676234
0.022,0.978,0.20738970335123497
0.023,0.977,0.20694253410652255
0.024,0.976,0.20649894829573318
0.025,0.975,0.20605888904658473
0.026000000000000002,0.974,0.20562230147960245
0.027,0.973,0.20518913260422236
0.028,0.972,0.20475933122206721
0.029,0.971,0.20433284783675465
0.03,0.97,0.20390963456974215
0.031,0.969,0.2034896450816636
0.032,0.968,0.20307283449873023
0.033,0.967,0.20265915934378032
0.034,0.966,0.20224857747162242
0.035,0.965,0.2018410480083321
0.036000000000000004,0.964,0.20143653129418926
0.037,0.963,0.2010349888300223
0.038,0.962,0.200636383226662
0.039,0.961,0.20024067815729538
0.04,0.96,0.19984783831253813
0.041,0.959,0.1994578293579844
0.042,0.958,0.19907061789411323
0.043000000000000003,0.957,0.1986861714183528
0.044,0.956,0.19830445828916085
0.045,0.955,0.1979254476920246
0.046,0.954,0.19754910960720487
0.047,0.953,0.19717541477913372
0.048,0.952,0.19680433468737063
0.049,0.951,0.19643584151900179
0.05,0.95,0.19606990814239367
0.051000000000000004,0.949,0.19570650808223436
0.052000000000000005,0.948,0.19534561549576668
0.053,0.947,0.19498720515014503
0.054,0.946,0.1946312524008696
0.055,0.945,0.19427773317119407
0.056,0.944,0.19392662393249457
0.057,0.943,0.19357790168551994
0.058,0.942,0.19323154394248404
0.059000000000000004,0.941,0.1928875287099316
0.06,0.94,0.19254583447238557
0.061,0.9390000000000001,0.19220644017665578
0.062,0.938,0.19186932521686795
0.063,0.937,0.19153446942007923
0.064,0.9359999999999999,0.19120185303253015
0.065,0.935,0.19087145670643554
0.066,0.9339999999999999,0.1905432614873458
0.067,0.933,0.19021724880199223
0.068,0.9319999999999999,0.1898934004466353
0.069,0.931,0.1895716985758711
0.07,0.9299999999999999,0.1892521256918739
0.07100000000000001,0.929,0.1889346646340706
0.07200000000000001,0.9279999999999999,0.18861929856918244
0.073,0.927,0.1883060109816827
0.074,0.926,0.1879947856645894
0.075,0.925,0.1876856067106075
0.076,0.924,0.18737845850361312
0.077,0.923,0.1870733257104183
0.078,0.922,0.18677019327287595
0.079,0.921,0.18646904640023373
0.08,0.92,0.1861698705617768
0.081,0.919,0.1858726514797396
0.082,0.918,0.18557737512243452
0.083,0.917,0.18528402769766214
0.084,0.916,0.18499259564631265
0.085,0.915,0.18470306563619918
0.08600000000000001,0.914,0.18441542455610155
0.08700000000000001,0.913,0.1841296595100107
0.088,0.912,0.18384575781155643
0.089,0.911,0.18356370697862504
0.09,0.91,0.18328349472815667
0.091,0.909,0.18300510897109942
0.092,0.908,0.1827285378075353
0.093,0.907,0.18245376952196288
0.094,0.906,0.1821807925787175
0.095,0.905,0.18190959561756467
0.096,0.904,0.1816401674493755
0.097,0.903,0.18137249705200414
0.098,0.902,0.18110657356623525
0.099,0.901,0.18084238629189175
0.1,0.9,0.18057992468402967
0.101,0.899,0.18031917834928712
0.10200000000000001,0.898,0.18006013704229237
0.10300000000000001,0.897,0.1798027906622222
0.10400000000000001,0.896,0.17954712924943408
0.105,0.895,0.179293142982212
0.106,0.894,0.17904082217359069
0.107,0.893,0.1787901572682893
0.108,0.892,0.17854113883971612
0.109,0.891,0.1782937575870716
0.11,0.89,0.1780480043325196
0.111,0.889,0.17780387001845507
0.112,0.888,0.17756134570482324
0.113,0.887,0.17732042256653574
0.114,0.886,0.17708109189094698
0.115,0.885,0.17684334507540236
0.116,0.884,0.17660717362483921
0.117,0.883,0.17637256914948057
0.11800000000000001,0.882,0.1761395233625623
0.11900000000000001,0.881,0.17590802807812794
0.12,0.88,0.17567807520890483
0.121,0.879,0.17544965676419286
0.122,0.878,0.1752227648478436
0.123,0.877,0.1749973916562791
0.124,0.876,0.1747735294765625
0.125,0.875,0.17455117068451256
0.126,0.874,0.1743303077428757
0.127,0.873,0.174110933199539
0.128,0.872,0.17389303968578582
0.129,0.871,0.17367661991460268
0.13,0.87,0.17346166667901491
0.131,0.869,0.1732481728504823
0.132,0.868,0.1730361313773153
0.133,0.867,0.1728255352831383
0.134,0.866,0.17261637766539506
0.135,0.865,0.17240865169387973
0.136,0.864,0.17220235060931494
0.137,0.863,0.17199746772194807
0.138,0.862,0.17179399641019844
0.139,0.861,0.17159193011932244
0.14,0.86,0.1713912623601224
0.14100000000000001,0.859,0.17119198670767036
0.14200000000000002,0.858,0.17099409680007965
0.14300000000000002,0.857,0.17079758633728664
0.14400000000000002,0.856,0.17060244907987757
0.145,0.855,0.1704086788479287
0.146,0.854,0.17021626951988106
0.147,0.853,0.17002521503143606
0.148,0.852,0.1698355093744865
0.149,0.851,0.1696471465960497
0.15,0.85,0.16946012079724695
0.151,0.849,0.16927442613230131
0.152,0.848,0.16909005680754244
0.153,0.847,0.1689070070804531
0.154,0.846,0.16872527125872905
0.155,0.845,0.1685448436993505
0.156,0.844,0.16836571880768936
0.157,0.843,0.1681878910366268
0.158,0.842,0.1680113548856925
0.159,0.841,0.16783610490021933
0.16,0.84,0.16766213567052451
0.161,0.839,0.16748944183109557
0.162,0.838,0.1673180180598083
0.163,0.837,0.1671478590771489
0.164,0.836,0.166978959645456
0.165,0.835,0.1668113145681884
0.166,0.834,0.16664491868919543
0.167,0.833,0.16647976689200483
0.168,0.832,0.1663158540991345
0.169,0.831,0.16615317527140497
0.17,0.83,0.16599172540728552
0.171,0.829,0.16583149954222928
0.17200000000000001,0.828,0.16567249274803988
0.17300000000000001,0.827,0.16551470013225075
0.17400000000000002,0.826,0.1653581168375063
0.17500000000000002,0.825,0.16520273804096516
0.176,0.8240000000000001,0.16504855895371018
0.177,0.823,0.16489557482017841
0.178,0.8220000000000001,0.16474378091759317
0.179,0.821,0.16459317255541017
0.18,0.8200000000000001,0.16444374507478163
0.181,0.819,0.16429549384802153
0.182,0.8180000000000001,0.1641484142780894
0.183,0.817,0.16400250179808085
0.184,0.8160000000000001,0.16385775187072796
0.185,0.815,0.16371415998790861
0.186,0.8140000000000001,0.16357172167017572
0.187,0.813,0.16343043246627556
0.188,0.812,0.16329028795270092
0.189,0.8109999999999999,0.1631512837332309
0.19,0.81,0.16301341543849363
0.191,0.8089999999999999,0.162876678725532
0.192,0.808,0.16274106927737994
0.193,0.8069999999999999,0.1626065828026472
0.194,0.806,0.16247321503511028
0.195,0.8049999999999999,0.16234096173331092
0.196,0.804,0.16220981868017204
0.197,0.8029999999999999,0.16207978168260245
0.198,0.802,0.16195084657113043
0.199,0.8009999999999999,0.16182300919953177
0.2,0.8,0.16169626544446358
0.201,0.7989999999999999,0.16157061120511657
0.202,0.798,0.1614460424028606
0.203,0.7969999999999999,0.1613225549809125
0.20400000000000001,0.796,0.16120014490399148
0.20500000000000002,0.7949999999999999,0.16107880815800044
0.20600000000000002,0.794,0.16095854074970115
0.20700000000000002,0.7929999999999999,0.1608393387063983
0.20800000000000002,0.792,0.1607211980756334
0.209,0.791,0.16060411492487855
0.21,0.79,0.16048808534124795
0.211,0.789,0.1603731054311948
0.212,0.788,0.16025917132023657
0.213,0.787,0.16014627915267018
0.214,0.786,0.16003442509130028
0.215,0.785,0.15992360531716812
0.216,0.784,0.15981381602929143
0.217,0.783,0.15970505344440294
0.218,0.782,0.15959731379669884
0.219,0.781,0.15949059333758986
0.22,0.78,0.15938488833546086
0.221,0.779,0.15928019507542615
0.222,0.778,0.15917650985910173
0.223,0.777,0.1590738290043738
0.224,0.776,0.15897214884517133
0.225,0.775,0.15887146573125255
0.226,0.774,0.15877177602798093
0.227,0.773,0.15867307611611942
0.228,0.772,0.15857536239162165
0.229,0.771,0.1584786312654248
0.23,0.77,0.15838287916325897
0.231,0.769,0.15828810252544057
0.232,0.768,0.15819429780669103
0.233,0.767,0.1581014614759422
0.234,0.766,0.1580095900161576
0.23500000000000001,0.765,0.15791867992414707
0.23600000000000002,0.764,0.15782872771039547
0.23700000000000002,0.763,0.15773972989888496
0.23800000000000002,0.762,0.1576516830269295
0.23900000000000002,0.761,0.15756458364500664
0.24,0.76,0.157478428316594
0.241,0.759,0.15739321361801115
0.242,0.758,0.157308936138266
0.243,0.757,0.15722559247889412
0.244,0.756,0.15714317925381605
0.245,0.755,0.157061693089189
0.246,0.754,0.15698113062326122
0.247,0.753,0.1569014885062311
0.248,0.752,0.15682276340011217
0.249,0.751,0.15674495197859287
0.25,0.75,0.15666805092691047
0.251,0.749,0.15659205694171652
0.252,0.748,0.15651696673095253
0.253,0.747,0.156442777013724
0.254,0.746,0.15636948452018098
0.255,0.745,0.15629708599139666
0.256,0.744,0.15622557817925414
0.257,0.743,0.15615495784632796
0.258,0.742,0.15608522176577638
0.259,0.741,0.15601636672122995
0.26,0.74,0.15594838950668516
0.261,0.739,0.15588128692639897
0.262,0.738,0.15581505579478933
0.263,0.737,0.15574969293633198
0.264,0.736,0.15568519518546184
0.265,0.735,0.1556215593864809
0.266,0.734,0.15555878239346183
0.267,0.733,0.15549686107015623
0.268,0.732,0.1554357922899056
0.269,0.731,0.15537557293555454
0.27,0.73,0.1553161998993623
0.271,0.729,0.1552576700829215
0.272,0.728,0.15519998039707633
0.273,0.727,0.1551431277618389
0.274,0.726,0.15508710910631598
0.275,0.725,0.15503192136862837
0.276,0.724,0.1549775614958386
0.277,0.723,0.15492402644387715
0.278,0.722,0.15487131317747035
0.279,0.721,0.15481941867007032
0.28,0.72,0.15476833990378897
0.281,0.719,0.154718073869331
0.28200000000000003,0.718,0.15466861756592584
0.28300000000000003,0.717,0.15461996800126857
0.28400000000000003,0.716,0.15457212219145472
0.28500000000000003,0.715,0.15452507716092212
0.28600000000000003,0.714,0.15447882994238973
0.28700000000000003,0.713,0.1544333775768024
0.28800000000000003,0.712,0.15438871711327234
0.289,0.7110000000000001,0.15434484560902603
0.29,0.71,0.15430176012934987
0.291,0.7090000000000001,0.15425945774753916
0.292,0.708,0.15421793554484445
0.293,0.7070000000000001,0.15417719061042565
0.294,0.706,0.15413722004130068
0.295,0.7050000000000001,0.15409802094230016
0.296,0.704,0.1540595904260202
0.297,0.7030000000000001,0.15402192561277797
0.298,0.702,0.15398502363056926
0.299,0.7010000000000001,0.15394888161502385
0.3,0.7,0.15391349670936638
0.301,0.6990000000000001,0.15387886606437223
0.302,0.698,0.15384498683833445
0.303,0.6970000000000001,0.15381185619701934
0.304,0.696,0.15377947131363234
0.305,0.6950000000000001,0.15374782936878129
0.306,0.694,0.15371692755044167
0.307,0.6930000000000001,0.15368676305392057
0.308,0.692,0.1536573330818255
0.309,0.6910000000000001,0.1536286348440309
0.31,0.69,0.153600665557646
0.311,0.6890000000000001,0.15357342244698502
0.312,0.688,0.1535469027435374
0.313,0.687,0.1535211036859381
0.314,0.6859999999999999,0.15349602251994057
0.315,0.685,0.15347165649838862
0.316,0.6839999999999999,0.15344800288118915
0.317,0.683,0.15342505893528754
0.318,0.6819999999999999,0.15340282193464355
0.319,0.681,0.1533812891602044
0.32,0.6799999999999999,0.15336045789988278
0.321,0.679,0.153340325448534
0.322,0.6779999999999999,0.1533208891079338
0.323,0.677,0.15330214618675658
0.324,0.6759999999999999,0.1532840940005542
0.325,0.675,0.15326672987173684
0.326,0.6739999999999999,0.15325005112955248
0.327,0.673,0.15323405511006843
0.328,0.6719999999999999,0.15321873915615303
0.329,0.671,0.1532041006174569
0.33,0.6699999999999999,0.15319013685039756
0.331,0.669,0.1531768452181409
0.332,0.6679999999999999,0.15316422309058633
0.333,0.667,0.1531522678443511
0.334,0.6659999999999999,0.15314097686275419
0.335,0.665,0.1531303475358031
0.336,0.6639999999999999,0.15312037726017888
0.337,0.663,0.15311106343922326
0.338,0.6619999999999999,0.15310240348292456
0.339,0.661,0.15309439480790593
0.34,0.6599999999999999,0.15308703483741343
0.341,0.659,0.15308032100130217
0.342,0.6579999999999999,0.1530742507360277
0.343,0.657,0.1530688214846333
0.34400000000000003,0.6559999999999999,0.15306403069673918
0.34500000000000003,0.655,0.15305987582853411
0.34600000000000003,0.6539999999999999,0.15305635434276366
0.34700000000000003,0.653,0.15305346370872155
0.34800000000000003,0.6519999999999999,0.15305120140224074
0.34900000000000003,0.651,0.15304956490568433
0.35000000000000003,0.6499999999999999,0.15304855170793713
0.35100000000000003,0.649,0.15304815930439802
0.352,0.648,0.15304838519697128
0.353,0.647,0.1530492268940601
0.354,0.646,0.15305068191055834
0.355,0.645,0.1530527477678452
0.356,0.644,0.15305542199377614
0.357,0.643,0.153058702122679
0.358,0.642,0.15306258569534592
0.359,0.641,0.1530670702590293
0.36,0.64,0.15307215336743413
0.361,0.639,0.15307783258071422
0.362,0.638,0.15308410546546647
0.363,0.637,0.15309096959472548
0.364,0.636,0.15309842254795905
0.365,0.635,0.1531064619110643
0.366,0.634,0.15311508527636175
0.367,0.633,0.15312429024259322
0.368,0.632,0.15313407441491533
0.369,0.631,0.15314443540489772
0.37,0.63,0.15315537083051875
0.371,0.629,0.15316687831616074
0.372,0.628,0.15317895549260882
0.373,0.627,0.15319159999704532
0.374,0.626,0.15320480947304857
0.375,0.625,0.15321858157058868
0.376,0.624,0.1532329139460253
0.377,0.623,0.1532478042621042
0.378,0.622,0.15326325018795536
0.379,0.621,0.15327924939908996
0.38,0.62,0.15329579957739806
0.381,0.619,0.1533128984111463
0.382,0.618,0.15333054359497458
0.383,0.617,0.15334873282989606
0.384,0.616,0.15336746382329308
0.385,0.615,0.15338673428891572
0.386,0.614,0.1534065419468795
0.387,0.613,0.153426884523664
0.388,0.612,0.1534477597521108
0.389,0.611,0.1534691653714207
0.39,0.61,0.15349109912715392
0.391,0.609,0.15351355877122555
0.392,0.608,0.15353654206190703
0.393,0.607,0.15356004676382068
0.394,0.606,0.1535840706479425
0.395,0.605,0.15360861149159544
0.396,0.604,0.1536336670784524
0.397,0.603,0.15365923519853103
0.398,0.602,0.15368531364819485
0.399,0.601,0.15371190023014936
0.4,0.6,0.1537389927534419
0.401,0.599,0.15376658903345955
0.402,0.598,0.1537946868919264
0.403,0.597,0.15382328415690455
0.404,0.596,0.15385237866278886
0.405,0.595,0.15388196825030911
0.406,0.594,0.15391205076652492
0.40700000000000003,0.593,0.15394262406482592
0.40800000000000003,0.592,0.1539736860049299
0.40900000000000003,0.591,0.1540052344528788
0.41000000000000003,0.59,0.15403726728104164
0.41100000000000003,0.589,0.154069782368107
0.41200000000000003,0.588,0.15410277759908458
0.41300000000000003,0.587,0.15413625086530314
0.41400000000000003,0.586,0.15417020006440674
0.41500000000000004,0.585,0.15420462310035413
0.41600000000000004,0.584,0.15423951788341642
0.417,0.583,0.1542748823301743
0.418,0.5820000000000001,0.15431071436351723
0.419,0.581,0.15434701191263847
0.42,0.5800000000000001,0.1543837729130361
0.421,0.579,0.1544209953065083
0.422,0.5780000000000001,0.1544586770411511
0.423,0.577,0.15449681607135815
0.424,0.5760000000000001,0.15453541035781337
0.425,0.575,0.1545744578674945
0.426,0.5740000000000001,0.15461395657366528
0.427,0.573,0.15465390445587374
0.428,0.5720000000000001,0.15469429949995234
0.429,0.571,0.15473513969801136
0.43,0.5700000000000001,0.1547764230484366
0.431,0.569,0.15481814755588819
0.432,0.5680000000000001,0.1548603112312953
0.433,0.567,0.15490291209185356
0.434,0.5660000000000001,0.15494594816102208
0.435,0.565,0.15498941746852019
0.436,0.5640000000000001,0.1550333180503226
0.437,0.563,0.1550776479486563
0.438,0.562,0.15512240521199755
0.439,0.5609999999999999,0.1551675878950688
0.44,0.56,0.15521319405883097
0.441,0.5589999999999999,0.15525922177048393
0.442,0.558,0.15530566910346022
0.443,0.5569999999999999,0.15535253413742126
0.444,0.556,0.1553998149582522
0.445,0.5549999999999999,0.15544750965806006
0.446,0.554,0.15549561633516512
0.447,0.5529999999999999,0.1555441330941013
0.448,0.552,0.1555930580456077
0.449,0.5509999999999999,0.1556423893066236
0.45,0.55,0.1556921250002886
0.451,0.5489999999999999,0.15574226325593102
0.452,0.548,0.15579280220906788
0.453,0.5469999999999999,0.1558437400013964
0.454,0.546,0.1558950747807912
0.455,0.5449999999999999,0.1559468047012973
0.456,0.544,0.1559989279231252
0.457,0.5429999999999999,0.15605144261264464
0.458,0.542,0.15610434694238173
0.459,0.5409999999999999,0.15615763909100916
0.46,0.54,0.1562113172433416
0.461,0.5389999999999999,0.15626537959033235
0.462,0.538,0.15631982432906344
0.463,0.5369999999999999,0.15637464966274103
0.464,0.536,0.15642985380069138
0.465,0.5349999999999999,0.1564854349583495
0.466,0.534,0.15654139135725784
0.467,0.5329999999999999,0.1565977212250543
0.468,0.532,0.15665442279547245
0.46900000000000003,0.5309999999999999,0.15671149430832693
0.47000000000000003,0.53,0.15676893400951217
0.47100000000000003,0.5289999999999999,0.15682674015099293
0.47200000000000003,0.528,0.15688491099079852
0.47300000000000003,0.5269999999999999,0.1569434447930141
0.47400000000000003,0.526,0.1570023398277736
0.47500000000000003,0.5249999999999999,0.15706159437125458
0.47600000000000003,0.524,0.15712120670566623
0.47700000000000004,0.5229999999999999,0.1571811751192446
0.47800000000000004,0.522,0.1572414979062476
0.47900000000000004,0.5209999999999999,0.15730217336694008
0.48,0.52,0.1573631998075916
0.481,0.519,0.157424575540467
0.482,0.518,0.1574862988838185
0.483,0.517,0.15754836816187381
0.484,0.516,0.15761078170483447
0.485,0.515,0.15767353784886123
0.486,0.514,0.15773663493606901
0.487,0.513,0.1578000713145171
0.488,0.512,0.1578638453381998
0.489,0.511,0.15792795536703977
0.49,0.51,0.15799239976687657
0.491,0.509,0.15805717690945914
0.492,0.508,0.15812228517243482
0.493,0.507,0.15818772293934355
0.494,0.506,0.1582534885996048
0.495,0.505,0.15831958054851186
0.496,0.504,0.15838599718721777
0.497,0.503,0.15845273692273074
0.498,0.502,0.15851979816789985
0.499,0.501,0.1585871793414082
0.5,0.5,0.15865487886776294
0.501,0.499,0.15872289517728383
0.502,0.498,0.15879122670609314
0.503,0.497,0.15885987189610917
0.504,0.496,0.15892882919502913
0.505,0.495,0.1589980970563264
0.506,0.494,0.15906767393923474
0.507,0.493,0.1591375583087412
0.508,0.492,0.15920774863557013
0.509,0.491,0.1592782433961816
0.51,0.49,0.1593490410727506
0.511,0.489,0.15942014015316552
0.512,0.488,0.15949153913100972
0.513,0.487,0.1595632365055552
0.514,0.486,0.15963523078174816
0.515,0.485,0.15970752047020215
0.516,0.484,0.15978010408718177
0.517,0.483,0.1598529801545953
0.518,0.482,0.1599261471999831
0.519,0.481,0.1599996037565011
0.52,0.48,0.16007334836291975
0.521,0.479,0.16014737956359992
0.522,0.478,0.1602216959084888
0.523,0.477,0.16029629595310924
0.524,0.476,0.1603711782585407
0.525,0.475,0.1604463413914156
0.526,0.474,0.16052178392390265
0.527,0.473,0.16059750443369641
0.528,0.472,0.16067350150400309
0.529,0.471,0.1607497737235316
0.53,0.47,0.160826319686478
0.531,0.469,0.1609031379925181
0.532,0.46799999999999997,0.160980227246788
0.533,0.46699999999999997,0.16105758605987755
0.534,0.46599999999999997,0.16113521304781617
0.535,0.46499999999999997,0.16121310683206075
0.536,0.46399999999999997,0.16129126603948205
0.537,0.46299999999999997,0.16136968930235018
0.538,0.46199999999999997,0.1614483752583283
0.539,0.46099999999999997,0.16152732255044877
0.54,0.45999999999999996,0.16160652982711557
0.541,0.45899999999999996,0.16168599574207793
0.542,0.45799999999999996,0.16176571895442526
0.543,0.45699999999999996,0.1618456981285683
0.544,0.45599999999999996,0.16192593193423077
0.545,0.45499999999999996,0.1620064190464375
0.546,0.45399999999999996,0.16208715814549218
0.547,0.45299999999999996,0.1621681479169777
0.548,0.45199999999999996,0.16224938705173092
0.549,0.45099999999999996,0.16233087424583467
0.55,0.44999999999999996,0.16241260820060732
0.551,0.44899999999999995,0.16249458762258034
0.552,0.44799999999999995,0.1625768112234968
0.553,0.44699999999999995,0.16265927772028554
0.554,0.44599999999999995,0.16274198583505822
0.555,0.44499999999999995,0.16282493429509123
0.556,0.44399999999999995,0.16290812183280895
0.557,0.44299999999999995,0.16299154718577338
0.558,0.44199999999999995,0.16307520909667295
0.559,0.44099999999999995,0.163159106313308
0.56,0.43999999999999995,0.16324323758856835
0.561,0.43899999999999995,0.1633276016804309
0.562,0.43799999999999994,0.1634121973519445
0.5630000000000001,0.43699999999999994,0.16349702337120445
0.5640000000000001,0.43599999999999994,0.16358207851135326
0.5650000000000001,0.43499999999999994,0.16366736155055872
0.5660000000000001,0.43399999999999994,0.16375287127200083
0.5670000000000001,0.43299999999999994,0.16383860646386103
0.5680000000000001,0.43199999999999994,0.1639245659193019
0.5690000000000001,0.43099999999999994,0.16401074843646027
0.5700000000000001,0.42999999999999994,0.16409715281842782
0.5710000000000001,0.42899999999999994,0.16418377787323932
0.5720000000000001,0.42799999999999994,0.16427062241385865
0.5730000000000001,0.42699999999999994,0.1643576852581629
0.5740000000000001,0.42599999999999993,0.1644449652289308
0.5750000000000001,0.42499999999999993,0.16453246115382483
0.5760000000000001,0.42399999999999993,0.16462017186538147
0.577,0.42300000000000004,0.16470809620099272
0.578,0.42200000000000004,0.16479623300289237
0.579,0.42100000000000004,0.1648845811181471
0.58,0.42000000000000004,0.16497313939863392
0.581,0.41900000000000004,0.16506190670103282
0.582,0.41800000000000004,0.16515088188680596
0.583,0.41700000000000004,0.16524006382218717
0.584,0.41600000000000004,0.1653294513781708
0.585,0.41500000000000004,0.16541904343049008
0.586,0.41400000000000003,0.16550883885960663
0.587,0.41300000000000003,0.16559883655069452
0.588,0.41200000000000003,0.16568903539362886
0.589,0.41100000000000003,0.1657794342829666
0.59,0.41000000000000003,0.16587003211793544
0.591,0.40900000000000003,0.16596082780241983
0.592,0.40800000000000003,0.16605182024494244
0.593,0.40700000000000003,0.16614300835865173
0.594,0.406,0.1662343910613107
0.595,0.405,0.16632596727527693
0.596,0.404,0.16641773592749282
0.597,0.403,0.16650969594946124
0.598,0.402,0.16660184627724947
0.599,0.401,0.16669418585145288
0.6,0.4,0.16678671361719677
0.601,0.399,0.16687942852411533
0.602,0.398,0.1669723295263339
0.603,0.397,0.1670654155824624
0.604,0.396,0.1671586856555703
0.605,0.395,0.16725213871318173
0.606,0.394,0.1673457737272575
0.607,0.393,0.16743958967417888
0.608,0.392,0.1675335855347292
0.609,0.391,0.16762776029409263
0.61,0.39,0.1677221129418231
0.611,0.389,0.16781664247183992
0.612,0.388,0.16791134788241194
0.613,0.387,0.1680062281761388
0.614,0.386,0.16810128235994135
0.615,0.385,0.16819650944504264
0.616,0.384,0.16829190844695588
0.617,0.383,0.1683874783854688
0.618,0.382,0.16848321828462887
0.619,0.381,0.16857912717273138
0.62,0.38,0.16867520408229847
0.621,0.379,0.1687714480500736
0.622,0.378,0.1688678581169993
0.623,0.377,0.16896443332820146
0.624,0.376,0.16906117273298674
0.625,0.375,0.16915807538481142
0.626,0.374,0.16925514034127986
0.627,0.373,0.1693523666641258
0.628,0.372,0.16944975341919144
0.629,0.371,0.16954729967642693
0.63,0.37,0.16964500450985975
0.631,0.369,0.16974286699759297
0.632,0.368,0.16984088622178353
0.633,0.367,0.16993906126863087
0.634,0.366,0.17003739122836012
0.635,0.365,0.1701358751952065
0.636,0.364,0.1702345122674115
0.637,0.363,0.17033330154719487
0.638,0.362,0.17043224214074454
0.639,0.361,0.17053133315820632
0.64,0.36,0.17063057371366033
0.641,0.359,0.17072996292512316
0.642,0.358,0.17082949991451388
0.643,0.357,0.1709291838076537
0.644,0.356,0.1710290137342434
0.645,0.355,0.17112898882785507
0.646,0.354,0.17122910822591425
0.647,0.353,0.17132937106968935
0.648,0.352,0.1714297765042674
0.649,0.351,0.1715303236785546
0.65,0.35,0.1716310117452497
0.651,0.349,0.17173183986083929
0.652,0.348,0.1718328071855722
0.653,0.347,0.17193391288345783
0.654,0.346,0.17203515612224468
0.655,0.345,0.1721365360734075
0.656,0.344,0.17223805191213368
0.657,0.34299999999999997,0.1723397028173082
0.658,0.34199999999999997,0.17244148797150285
0.659,0.34099999999999997,0.17254340656095804
0.66,0.33999999999999997,0.17264545777556634
0.661,0.33899999999999997,0.17274764080887406
0.662,0.33799999999999997,0.1728499548580453
0.663,0.33699999999999997,0.17295239912386406
0.664,0.33599999999999997,0.17305497281071067
0.665,0.33499999999999996,0.17315767512655508
0.666,0.33399999999999996,0.17326050528294556
0.667,0.33299999999999996,0.17336346249497878
0.668,0.33199999999999996,0.17346654598130434
0.669,0.33099999999999996,0.17356975496409746
0.67,0.32999999999999996,0.17367308866905942
0.671,0.32899999999999996,0.17377654632538933
0.672,0.32799999999999996,0.17388012716577753
0.673,0.32699999999999996,0.17398383042639184
0.674,0.32599999999999996,0.17408765534686643
0.675,0.32499999999999996,0.1741916011702755
0.676,0.32399999999999995,0.17429566714314293
0.677,0.32299999999999995,0.17439985251540246
0.678,0.32199999999999995,0.17450415654040485
0.679,0.32099999999999995,0.17460857847489192
0.68,0.31999999999999995,0.1747131175789891
0.681,0.31899999999999995,0.1748177731161918
0.682,0.31799999999999995,0.17492254435334728
0.683,0.31699999999999995,0.17502743056064846
0.684,0.31599999999999995,0.17513243101161116
0.685,0.31499999999999995,0.17523754498307237
0.686,0.31399999999999995,0.1753427717551691
0.687,0.31299999999999994,0.17544811061132373
0.6880000000000001,0.31199999999999994,0.17555356083823864
0.6890000000000001,0.31099999999999994,0.17565912172587386
0.6900000000000001,0.30999999999999994,0.17576479256744315
0.6910000000000001,0.30899999999999994,0.17587057265939662
0.6920000000000001,0.30799999999999994,0.17597646130140138
0.6930000000000001,0.30699999999999994,0.17608245779633827
0.6940000000000001,0.30599999999999994,0.1761885614502848
0.6950000000000001,0.30499999999999994,0.17629477157250345
0.6960000000000001,0.30399999999999994,0.17640108747542502
0.6970000000000001,0.30299999999999994,0.1765075084746424
0.6980000000000001,0.30199999999999994,0.17661403388888613
0.6990000000000001,0.30099999999999993,0.17672066304002831
0.7000000000000001,0.29999999999999993,0.17682739525305197
0.7010000000000001,0.29899999999999993,0.17693422985605625
0.7020000000000001,0.29799999999999993,0.17704116618022026
0.7030000000000001,0.29699999999999993,0.1771482035598226
0.704,0.29600000000000004,0.17725534133219256
0.705,0.29500000000000004,0.1773625788377275
0.706,0.29400000000000004,0.17746991541986348
0.707,0.29300000000000004,0.17757735042506778
0.708,0.29200000000000004,0.1776848832028223
0.709,0.29100000000000004,0.17779251310562286
0.71,0.29000000000000004,0.1779002394889501
0.711,0.28900000000000003,0.17800806171126907
0.712,0.28800000000000003,0.1781159791340154
0.713,0.28700000000000003,0.17822399112157586
0.714,0.28600000000000003,0.1783320970412844
0.715,0.28500000000000003,0.17844029626340357
0.716,0.28400000000000003,0.17854858816111852
0.717,0.28300000000000003,0.17865697211051915
0.718,0.28200000000000003,0.1787654474905897
0.719,0.281,0.17887401368319347
0.72,0.28,0.17898267007307356
0.721,0.279,0.17909141604782425
0.722,0.278,0.17920025099788803
0.723,0.277,0.17930917431654173
0.724,0.276,0.17941818539987991
0.725,0.275,0.17952728364681655
0.726,0.274,0.17963646845905767
0.727,0.273,0.1797457392410971
0.728,0.272,0.17985509540020492
0.729,0.271,0.17996453634641343
0.73,0.27,0.18007406149250424
0.731,0.269,0.18018367025400023
0.732,0.268,0.18029336204915347
0.733,0.267,0.18040313629893043
0.734,0.266,0.1805129924270023
0.735,0.265,0.1806229298597352
0.736,0.264,0.18073294802617196
0.737,0.263,0.18084304635803117
0.738,0.262,0.18095322428968916
0.739,0.261,0.18106348125816646
0.74,0.26,0.18117381670311958
0.741,0.259,0.1812842300668321
0.742,0.258,0.18139472079419938
0.743,0.257,0.1815052883327204
0.744,0.256,0.1816159321324813
0.745,0.255,0.18172665164614796
0.746,0.254,0.18183744632895932
0.747,0.253,0.18194831563870795
0.748,0.252,0.18205925903573075
0.749,0.251,0.18217027598290533
0.75,0.25,0.18228136594562744
0.751,0.249,0.18239252839180922
0.752,0.248,0.182503762791867
0.753,0.247,0.18261506861870466
0.754,0.246,0.18272644534770435
0.755,0.245,0.18283789245672424
0.756,0.244,0.18294940942607993
0.757,0.243,0.18306099573852783
0.758,0.242,0.1831726508792758
0.759,0.241,0.18328437433594252
0.76,0.24,0.18339616559857758
0.761,0.239,0.18350802415962345
0.762,0.238,0.1836199495139262
0.763,0.237,0.18373194115871277
0.764,0.236,0.18384399859358755
0.765,0.235,0.18395612132051195
0.766,0.23399999999999999,0.1840683088438063
0.767,0.23299999999999998,0.18418056067013147
0.768,0.23199999999999998,0.18429287630848168
0.769,0.23099999999999998,0.18440525527017246
0.77,0.22999999999999998,0.18451769706883372
0.771,0.22899999999999998,0.1846302012203938
0.772,0.22799999999999998,0.1847427672430754
0.773,0.22699999999999998,0.18485539465737844
0.774,0.22599999999999998,0.18496808298607886
0.775,0.22499999999999998,0.18508083175421422
0.776,0.22399999999999998,0.18519364048906936
0.777,0.22299999999999998,0.18530650872017393
0.778,0.22199999999999998,0.18541943597928445
0.779,0.22099999999999997,0.18553242180038382
0.78,0.21999999999999997,0.18564546571966425
0.781,0.21899999999999997,0.18575856727552056
0.782,0.21799999999999997,0.18587172600853702
0.783,0.21699999999999997,0.18598494146148198
0.784,0.21599999999999997,0.1860982131792951
0.785,0.21499999999999997,0.18621154070908505
0.786,0.21399999999999997,0.18632492360010186
0.787,0.21299999999999997,0.186438361403749
0.788,0.21199999999999997,0.1865518536735575
0.789,0.21099999999999997,0.18666539996518783
0.79,0.20999999999999996,0.1867789998364115
0.791,0.20899999999999996,0.18689265284710674
0.792,0.20799999999999996,0.18700635855924597
0.793,0.20699999999999996,0.18712011653689437
0.794,0.20599999999999996,0.18723392634618516
0.795,0.20499999999999996,0.18734778755532502
0.796,0.20399999999999996,0.18746169973457805
0.797,0.20299999999999996,0.1875756624562603
0.798,0.20199999999999996,0.18768967529472022
0.799,0.20099999999999996,0.1878037378263481
0.8,0.19999999999999996,0.18791784962954802
0.801,0.19899999999999995,0.18803201028473532
0.802,0.19799999999999995,0.18814621937433434
0.803,0.19699999999999995,0.18826047648276292
0.804,0.19599999999999995,0.18837478119642687
0.805,0.19499999999999995,0.1884891331037004
0.806,0.19399999999999995,0.18860353179492906
0.807,0.19299999999999995,0.1887179768624238
0.808,0.19199999999999995,0.18883246790043917
0.809,0.19099999999999995,0.18894700450516547
0.81,0.18999999999999995,0.18906158627473674
0.811,0.18899999999999995,0.1891762128092052
0.812,0.18799999999999994,0.1892908837105376
0.8130000000000001,0.18699999999999994,0.18940559858260655
0.8140000000000001,0.18599999999999994,0.1895203570311845
0.8150000000000001,0.18499999999999994,0.18963515866392752
0.8160000000000001,0.18399999999999994,0.18975000309038184
0.8170000000000001,0.18299999999999994,0.18986488992195505
0.8180000000000001,0.18199999999999994,0.18997981877192432
0.8190000000000001,0.18099999999999994,0.1900947892554175
0.8200000000000001,0.17999999999999994,0.19020980098941187
0.8210000000000001,0.17899999999999994,0.1903248535927237
0.8220000000000001,0.17799999999999994,0.19043994668599473
0.8230000000000001,0.17699999999999994,0.19055507989169213
0.8240000000000001,0.17599999999999993,0.1906702528340921
0.8250000000000001,0.17499999999999993,0.1907854651392787
0.8260000000000001,0.17399999999999993,0.19090071643513246
0.8270000000000001,0.17299999999999993,0.19101600635131905
0.8280000000000001,0.17199999999999993,0.19113133451928974
0.8290000000000001,0.17099999999999993,0.19124670057226237
0.8300000000000001,0.16999999999999993,0.1913621041452216
0.8310000000000001,0.16899999999999993,0.19147754487490606
0.8320000000000001,0.16799999999999993,0.19159302239980225
0.833,0.16700000000000004,0.19170853636014057
0.834,0.16600000000000004,0.19182408639788096
0.835,0.16500000000000004,0.19193967215670166
0.836,0.16400000000000003,0.1920552932820065
0.837,0.16300000000000003,0.19217094942090188
0.838,0.16200000000000003,0.19228664022219524
0.839,0.16100000000000003,0.1924023653363883
0.84,0.16000000000000003,0.1925181244156623
0.841,0.15900000000000003,0.19263391711388508
0.842,0.15800000000000003,0.1927497430865853
0.843,0.15700000000000003,0.19286560199095987
0.844,0.15600000000000003,0.19298149348585106
0.845,0.15500000000000003,0.19309741723175589
0.846,0.15400000000000003,0.1932133728908091
0.847,0.15300000000000002,0.1933293601267697
0.848,0.15200000000000002,0.19344537860503444
0.849,0.15100000000000002,0.19356142799260223
0.85,0.15000000000000002,0.19367750795808872
0.851,0.14900000000000002,0.1937936181717079
0.852,0.14800000000000002,0.19390975830527218
0.853,0.14700000000000002,0.194025928032175
0.854,0.14600000000000002,0.19414212702739608
0.855,0.14500000000000002,0.19425835496748062
0.856,0.14400000000000002,0.19437461153054558
0.857,0.14300000000000002,0.1944908963962571
0.858,0.14200000000000002,0.1946072092458431
0.859,0.14100000000000001,0.1947235497620672
0.86,0.14,0.19483991762922767
0.861,0.139,0.1949563125331598
0.862,0.138,0.19507273416121626
0.863,0.137,0.19518918220226394
0.864,0.136,0.19530565634668176
0.865,0.135,0.19542215628634424
0.866,0.134,0.1955386817146286
0.867,0.133,0.19565523232639193
0.868,0.132,0.19577180781797326
0.869,0.131,0.19588840788718906
0.87,0.13,0.19600503223332003
0.871,0.129,0.19612168055710216
0.872,0.128,0.19623835256073577
0.873,0.127,0.1963550479478561
0.874,0.126,0.19647176642354686
0.875,0.125,0.1965885076943216
0.876,0.124,0.19670527146811848
0.877,0.123,0.19682205745430087
0.878,0.122,0.19693886536363703
0.879,0.121,0.19705569490831518
0.88,0.12,0.1971725458019062
0.881,0.119,0.19728941775939024
0.882,0.118,0.19740631049713042
0.883,0.11699999999999999,0.1975232237328647
0.884,0.11599999999999999,0.19764015718571204
0.885,0.11499999999999999,0.1977571105761597
0.886,0.11399999999999999,0.19787408362605086
0.887,0.11299999999999999,0.19799107605859007
0.888,0.11199999999999999,0.19810808759832865
0.889,0.11099999999999999,0.1982251179711623
0.89,0.10999999999999999,0.19834216690431608
0.891,0.10899999999999999,0.19845923412635885
0.892,0.10799999999999998,0.19857631936717146
0.893,0.10699999999999998,0.19869342235795906
0.894,0.10599999999999998,0.19881054283123434
0.895,0.10499999999999998,0.19892768052082374
0.896,0.10399999999999998,0.19904483516184338
0.897,0.10299999999999998,0.19916200649071295
0.898,0.10199999999999998,0.1992791942451309
0.899,0.10099999999999998,0.19939639816408283
0.9,0.09999999999999998,0.19951361798782988
0.901,0.09899999999999998,0.19963085345790155
0.902,0.09799999999999998,0.1997481043170894
0.903,0.09699999999999998,0.19986537030944804
0.904,0.09599999999999997,0.19998265118027886
0.905,0.09499999999999997,0.20009994667613418
0.906,0.09399999999999997,0.20021725654480046
0.907,0.09299999999999997,0.200334580535312
0.908,0.09199999999999997,0.20045191839790844
0.909,0.09099999999999997,0.20056926988408458
0.91,0.08999999999999997,0.200686634746526
0.911,0.08899999999999997,0.20080401273913992
0.912,0.08799999999999997,0.20092140361704194
0.913,0.08699999999999997,0.201038807136544
0.914,0.08599999999999997,0.2011562230551582
0.915,0.08499999999999996,0.20127365113157697
0.916,0.08399999999999996,0.20139109112568884
0.917,0.08299999999999996,0.2015085427985472
0.918,0.08199999999999996,0.20162600591239607
0.919,0.08099999999999996,0.20174348023062863
0.92,0.07999999999999996,0.20186096551780852
0.921,0.07899999999999996,0.20197846153965746
0.922,0.07799999999999996,0.2020959680630432
0.923,0.07699999999999996,0.2022134848559833
0.924,0.07599999999999996,0.20233101168763462
0.925,0.07499999999999996,0.20244854832828932
0.926,0.07399999999999995,0.20256609454936653
0.927,0.07299999999999995,0.20268365012341544
0.928,0.07199999999999995,0.20280121482409783
0.929,0.07099999999999995,0.20291878842619593
0.93,0.06999999999999995,0.20303637070559852
0.931,0.06899999999999995,0.2031539614392925
0.932,0.06799999999999995,0.20327156040537506
0.933,0.06699999999999995,0.2033891673830247
0.934,0.06599999999999995,0.20350678215251475
0.935,0.06499999999999995,0.20362440449520178
0.936,0.06399999999999995,0.2037420341935151
0.937,0.06299999999999994,0.20385967103096667
0.9380000000000001,0.061999999999999944,0.20397731479212508
0.9390000000000001,0.06099999999999994,0.2040949652626311
0.9400000000000001,0.05999999999999994,0.2042126222291788
0.9410000000000001,0.05899999999999994,0.20433028547952076
0.9420000000000001,0.05799999999999994,0.2044479548024466
0.9430000000000001,0.05699999999999994,0.20456562998780323
0.9440000000000001,0.05599999999999994,0.20468331082646699
0.9450000000000001,0.05499999999999994,0.20480099711034946
0.9460000000000001,0.05399999999999994,0.20491868863239257
0.9470000000000001,0.052999999999999936,0.20503638518656192
0.9480000000000001,0.051999999999999935,0.20515408656783982
0.9490000000000001,0.050999999999999934,0.2052717925722283
0.9500000000000001,0.04999999999999993,0.20538950299673275
0.9510000000000001,0.04899999999999993,0.20550721763936583
0.9520000000000001,0.04799999999999993,0.20562493629914358
0.9530000000000001,0.04699999999999993,0.20574265877607312
0.9540000000000001,0.04599999999999993,0.2058603848711567
0.9550000000000001,0.04499999999999993,0.2059781143863776
0.9560000000000001,0.04399999999999993,0.20609584712470772
0.9570000000000001,0.04299999999999993,0.20621358289008984
0.9580000000000001,0.041999999999999926,0.20633132148743932
0.9590000000000001,0.040999999999999925,0.20644906272264799
0.96,0.040000000000000036,0.20656680640255778
0.961,0.039000000000000035,0.20668455233497957
0.962,0.038000000000000034,0.20680230032867752
0.963,0.03700000000000003,0.206920050193362
0.964,0.03600000000000003,0.20703780173968897
0.965,0.03500000000000003,0.2071555547792615
0.966,0.03400000000000003,0.20727330912461384
0.967,0.03300000000000003,0.20739106458921241
0.968,0.03200000000000003,0.20750882098745427
0.969,0.031000000000000028,0.20762657813465712
0.97,0.030000000000000027,0.20774433584706462
0.971,0.029000000000000026,0.2078620939418268
0.972,0.028000000000000025,0.20797985223701027
0.973,0.027000000000000024,0.20809761055158488
0.974,0.026000000000000023,0.20821536870542376
0.975,0.025000000000000022,0.20833312651930005
0.976,0.02400000000000002,0.20845088381487747
0.977,0.02300000000000002,0.2085686404147123
0.978,0.02200000000000002,0.20868639614224013
0.979,0.02100000000000002,0.2088041508217914
0.98,0.020000000000000018,0.2089219042785549
0.981,0.019000000000000017,0.20903965633861032
0.982,0.018000000000000016,0.2091574068288944
0.983,0.017000000000000015,0.20927515557721327
0.984,0.016000000000000014,0.20939290241223904
0.985,0.015000000000000013,0.2095106471634868
0.986,0.014000000000000012,0.20962838966133723
0.987,0.013000000000000012,0.20974612973701448
0.988,0.01200000000000001,0.20986386722259365
0.989,0.01100000000000001,0.20998160195098095
0.99,0.010000000000000009,0.2100993337559246
0.991,0.009000000000000008,0.21021706247200866
0.992,0.008000000000000007,0.21033478793464455
0.993,0.007000000000000006,0.21045250998006376
0.994,0.006000000000000005,0.2105702284453287
0.995,0.0050000000000000044,0.21068794316830897
0.996,0.0040000000000000036,0.21080565398769696
0.997,0.0030000000000000027,0.21092336074299328
0.998,0.0020000000000000018,0.21104106327449967
0.999,0.0010000000000000009,0.21115876142332485
1.0,0.0,0.21127645503137502
